"GroupID","GroupLevel","Numerator","Denominator","Metric","OverallMetric","Factor","Score","Flag"
"US","Country",55642,215000,0.2588,0.259732743362832,0.550676387728434,-1.32915475250493,0
"Japan","Country",46818,180000,0.2601,0.259732743362832,0.550676387728434,0.478850623125586,0
"UK","Country",44289,170000,0.260523529411765,0.259732743362832,0.550676387728434,1.00202281641976,0
