"GroupID","GroupLevel","Numerator","Denominator","Metric","Score","Flag"
"US","Country",452,10345,0.043692605123248,1.05657745918933,0
"UK","Country",352,8363,0.0420901590338395,0.204189491225681,0
"Japan","Country",335,8638,0.038782125492012,-1.35718485270284,0
