"GroupID","GroupLevel","Numerator","Denominator","Metric","OverallMetric","Factor","Score"
"Japan","Country",335,8638,0.038782125492012,0.041651429825203,0.926954688978996,-1.35718485270284
"UK","Country",352,8363,0.0420901590338395,0.041651429825203,0.926954688978996,0.204189491225681
"US","Country",452,10345,0.043692605123248,0.041651429825203,0.926954688978996,1.05657745918933
