"GroupID","GroupLevel","Numerator","Denominator","Metric","OverallMetric","Factor","Score"
"Japan","Country",40702,180000,0.226122222222222,0.230757522123894,8.20676873854416,-1.42905867103313
"UK","Country",39574,170000,0.232788235294118,0.230757522123894,8.20676873854416,0.608427751762578
"US","Country",50102,215000,0.233032558139535,0.230757522123894,8.20676873854416,0.766555272390815
