"GroupID","GroupLevel","Numerator","Denominator","Metric"
"Japan","Country",40702,180000,0.226122222222222
"UK","Country",39574,170000,0.232788235294118
"US","Country",50102,215000,0.233032558139535
