"GroupID","GroupLevel","Numerator","Denominator","Metric","Score","Flag"
"US","Country",50102,215000,0.233032558139535,0.766555272390815,0
"UK","Country",39574,170000,0.232788235294118,0.608427751762578,0
"Japan","Country",40702,180000,0.226122222222222,-1.42905867103313,0
