"GroupID","GroupLevel","Numerator","Denominator","Metric","OverallMetric","Factor","Score","Flag"
"US","Country",1258,88854,0.0141580570373872,0.0146776307140343,0.91931452208553,-1.3431868210918,0
"Japan","Country",1123,75385,0.0148968627711083,0.0146776307140343,0.91931452208553,0.522032231977256,0
"UK","Country",1080,71562,0.0150918085017188,0.0146776307140343,0.91931452208553,0.9609014061922,0
