"GroupID","GroupLevel","Numerator","Denominator","Metric"
"Japan","Country",1123,75385,0.0148968627711083
"UK","Country",1080,71562,0.0150918085017188
"US","Country",1258,88854,0.0141580570373872
