"GroupID","GroupLevel","Numerator","Denominator","Metric","Score","Flag"
"UK","Country",1080,71562,0.0150918085017188,0.9609014061922,0
"Japan","Country",1123,75385,0.0148968627711083,0.522032231977256,0
"US","Country",1258,88854,0.0141580570373872,-1.3431868210918,0
