"GroupID","GroupLevel","Numerator","Denominator","Metric"
"Japan","Country",8221,162808,0.0504950616677313
"UK","Country",7800,158296,0.0492747763683226
"US","Country",10125,200408,0.0505219352520857
