"GroupID","GroupLevel","Numerator","Denominator","Metric","Score","Flag"
"US","Country",10125,200408,0.0505219352520857,0.731458271465657,0
"Japan","Country",8221,162808,0.0504950616677313,0.613492349417817,0
"UK","Country",7800,158296,0.0492747763683226,-1.445197541622,0
