"GroupID","GroupLevel","Numerator","Denominator","Metric","OverallMetric","Factor","Score"
"UK","Country",7800,158296,0.0492747763683226,0.0501349920998942,1.17768036407731,-1.445197541622
"Japan","Country",8221,162808,0.0504950616677313,0.0501349920998942,1.17768036407731,0.613492349417817
"US","Country",10125,200408,0.0505219352520857,0.0501349920998942,1.17768036407731,0.731458271465657
