"GroupID","GroupLevel","Numerator","Denominator","Metric","OverallMetric","Factor","Score"
"Japan","Country",37242,40702,0.914991892290305,0.916435288162113,0.751838336139866,-1.21358091693679
"US","Country",45915,50102,0.916430481817093,0.916435288162113,0.751838336139866,-0.00448350728058926
"UK","Country",36326,39574,0.917925910951635,0.916435288162113,0.751838336139866,1.23579984471973
