"GroupID","GroupLevel","Numerator","Denominator","Metric","Score","Flag"
"UK","Country",36326,39574,0.917925910951635,1.23579984471973,0
"US","Country",45915,50102,0.916430481817093,-0.00448350728058926,0
"Japan","Country",37242,40702,0.914991892290305,-1.21358091693679,0
