"GroupID","GroupLevel","Numerator","Denominator","Metric"
"Japan","Country",37242,40702,0.914991892290305
"UK","Country",36326,39574,0.917925910951635
"US","Country",45915,50102,0.916430481817093
