"GroupID","GroupLevel","Numerator","Denominator","Metric","OverallMetric","Factor","Score","Flag"
"Japan","Country",15,245,0.0612244897959184,0.081151832460733,0.641243890668125,-1.42642771542969,0
"US","Country",26,289,0.0899653979238754,0.081151832460733,0.641243890668125,0.685200850723829,0
"UK","Country",21,230,0.091304347826087,0.081151832460733,0.641243890668125,0.704133344489089,0
