"GroupID","GroupLevel","Numerator","Denominator","Metric","OverallMetric","Factor","Score"
"Japan","Country",350,8638,0.0405186385737439,0.0429313245081548,0.696263151136106,-1.29698078755227
"US","Country",447,10345,0.0432092798453359,0.0429313245081548,0.696263151136106,0.163518319708429
"UK","Country",377,8363,0.0450795169197656,0.0429313245081548,0.696263151136106,1.13626695623873
