"GroupID","GroupLevel","Numerator","Denominator","Metric","Score","Flag"
"UK","Country",377,8363,0.0450795169197656,1.13626695623873,0
"US","Country",447,10345,0.0432092798453359,0.163518319708429,0
"Japan","Country",350,8638,0.0405186385737439,-1.29698078755227,0
